https://th-koeln.de/gart/vocabulary/SamplingTime/1/0;None
https://th-koeln.de/gart/vocabulary/AlarmsReset/1/0;None
https://th-koeln.de/gart/vocabulary/AlarmMessage/1/0;None
https://th-koeln.de/gart/vocabulary/FrostProtectionAlarm/1/0;None
https://th-koeln.de/gart/vocabulary/Request/1/0;None
https://th-koeln.de/gart/vocabulary/RequestTableau/1/0;None
https://th-koeln.de/gart/vocabulary/IncreaseFlowTemperature/1/0;None
https://th-koeln.de/gart/vocabulary/SystemClock/1/0;None
https://th-koeln.de/gart/vocabulary/NumberOfSwitchings/1/0;None
https://th-koeln.de/gart/vocabulary/NumberOfStages/1/0;None
https://th-koeln.de/gart/vocabulary/OperatingPoint/1/0;None
https://th-koeln.de/gart/vocabulary/HeatingUpOperation/1/0;None
https://th-koeln.de/gart/vocabulary/SwitchOffDifference/1/0;None
https://th-koeln.de/gart/vocabulary/SwitchOffLimitValue/1/0;None
https://th-koeln.de/gart/vocabulary/SwitchOffTemperature/1/0;None
https://th-koeln.de/gart/vocabulary/SwitchOffTime/1/0;None
https://th-koeln.de/gart/vocabulary/OutdoorTemperatureCalculated/1/0;None
https://th-koeln.de/gart/vocabulary/OutdoorTemperatureX1/1/0;None
https://th-koeln.de/gart/vocabulary/OutdoorTemperatureX2/1/0;None
https://th-koeln.de/gart/vocabulary/OutdoorTemperatureX3/1/0;None
https://th-koeln.de/gart/vocabulary/OutdoorTemperatureX4/1/0;None
https://th-koeln.de/gart/vocabulary/CommandExecutionControl/1/0;None
https://th-koeln.de/gart/vocabulary/BlockingProtection/1/0;None
https://th-koeln.de/gart/vocabulary/DPart/1/0;None
https://th-koeln.de/gart/vocabulary/DeviceDescription/1/0;None
https://th-koeln.de/gart/vocabulary/PressureMonitoring/1/0;None
https://th-koeln.de/gart/vocabulary/SwitchOnLimitValue/1/0;None
https://th-koeln.de/gart/vocabulary/SwitchOnTemperature/1/0;None
https://th-koeln.de/gart/vocabulary/SwitchOnTime/1/0;None
https://th-koeln.de/gart/vocabulary/ExternalPriorityCircuit/1/0;None
https://th-koeln.de/gart/vocabulary/WindowShare/1/0;None
https://th-koeln.de/gart/vocabulary/Enable/1/0;None
https://th-koeln.de/gart/vocabulary/EnableComfortEconomyMode/1/0;None
https://th-koeln.de/gart/vocabulary/EnableWinterOperation/1/0;None
https://th-koeln.de/gart/vocabulary/EnableExternalSetpoint/1/0;None
https://th-koeln.de/gart/vocabulary/EnableFilter/1/0;None
https://th-koeln.de/gart/vocabulary/EnableHeating/1/0;None
https://th-koeln.de/gart/vocabulary/EnableOptimumStop/1/0;None
https://th-koeln.de/gart/vocabulary/EnableRoomCorrection/1/0;None
https://th-koeln.de/gart/vocabulary/EnableSetpoint/1/0;None
https://th-koeln.de/gart/vocabulary/EnableSpecialDayProgram/1/0;None
https://th-koeln.de/gart/vocabulary/EnableActuator/1/0;None
https://th-koeln.de/gart/vocabulary/EnableNightStandbyMode/1/0;None
https://th-koeln.de/gart/vocabulary/EnableNightStandbyModeValve/1/0;None
https://th-koeln.de/gart/vocabulary/EnableSupportModeDay/1/0;None
https://th-koeln.de/gart/vocabulary/EnableDaySupportModeValve/1/0;None
https://th-koeln.de/gart/vocabulary/EnableHeatGenerator/1/0;None
https://th-koeln.de/gart/vocabulary/EnableTimeProgram/1/0;None
https://th-koeln.de/gart/vocabulary/FrequencyConverter/1/0;None
https://th-koeln.de/gart/vocabulary/FrostProtectionFlowTemperature/1/0;None
https://th-koeln.de/gart/vocabulary/LimitValue/1/0;None
https://th-koeln.de/gart/vocabulary/OutdoorTemperatureLimit/1/0;None
https://th-koeln.de/gart/vocabulary/LimitValuePressure/1/0;None
https://th-koeln.de/gart/vocabulary/FrostLimit/1/0;None
https://th-koeln.de/gart/vocabulary/LimitValueController/1/0;None
https://th-koeln.de/gart/vocabulary/LimitValueTemperature/1/0;None
https://th-koeln.de/gart/vocabulary/LimitValueFlowTemperature/1/0;None
https://th-koeln.de/gart/vocabulary/LimitValueWinterStartUp/1/0;None
https://th-koeln.de/gart/vocabulary/ManualSwitchLegionella/1/0;None
https://th-koeln.de/gart/vocabulary/RadiatorExponent/1/0;None
https://th-koeln.de/gart/vocabulary/HeatingCurve/1/0;None
https://th-koeln.de/gart/vocabulary/Hysteresis/1/0;None
https://th-koeln.de/gart/vocabulary/HysteresisFrostProtection/1/0;None
https://th-koeln.de/gart/vocabulary/HysteresisHeatingCircuit/1/0;None
https://th-koeln.de/gart/vocabulary/HysteresisSetpointWaterHeating/1/0;None
https://th-koeln.de/gart/vocabulary/IPortion/1/0;None
https://th-koeln.de/gart/vocabulary/Damper/1/0;None
https://th-koeln.de/gart/vocabulary/RunMonitoring/1/0;None
https://th-koeln.de/gart/vocabulary/RunningTimeNextMaintenance/1/0;None
https://th-koeln.de/gart/vocabulary/RunningTimeValve/1/0;None
https://th-koeln.de/gart/vocabulary/RunningTime3PointActuator/1/0;None
https://th-koeln.de/gart/vocabulary/LegionellaSwitchingDays/1/0;None
https://th-koeln.de/gart/vocabulary/CoefficientOfPerformance/1/0;None
https://th-koeln.de/gart/vocabulary/MassFlow/1/0;None
https://th-koeln.de/gart/vocabulary/MeasuredValue/1/0;LineChart
https://th-koeln.de/gart/vocabulary/MeasuredValueFlueGasTemperature/1/0;LineChart
https://th-koeln.de/gart/vocabulary/MeasuredValueOutdoorHumidity/1/0;LineChart
https://th-koeln.de/gart/vocabulary/MeasuredValueOutdoorTemperature/1/0;LineChart
https://th-koeln.de/gart/vocabulary/MeasuredValueCo2/1/0;LineChart
https://th-koeln.de/gart/vocabulary/MeasuredValueDifferentialPressure/1/0;LineChart
https://th-koeln.de/gart/vocabulary/MeasuredValueSpeed/1/0;LineChart
https://th-koeln.de/gart/vocabulary/MeasuredValuePressure/1/0;LineChart
https://th-koeln.de/gart/vocabulary/MeasuredValuePressureEvaporator/1/0;LineChart
https://th-koeln.de/gart/vocabulary/MeasuredValuePressureCondenser/1/0;LineChart
https://th-koeln.de/gart/vocabulary/MeasuredValueFlow/1/0;LineChart
https://th-koeln.de/gart/vocabulary/MeasuredValueEnergyConsumption/1/0;LineChart
https://th-koeln.de/gart/vocabulary/MeasuredValueEnthalpy/1/0;LineChart
https://th-koeln.de/gart/vocabulary/MeasuredValueHumidity/1/0;LineChart
https://th-koeln.de/gart/vocabulary/MeasuredValueHead/1/0;LineChart
https://th-koeln.de/gart/vocabulary/MeasuredValueFrequency/1/0;LineChart
https://th-koeln.de/gart/vocabulary/MeasuredValueGas/1/0;LineChart
https://th-koeln.de/gart/vocabulary/MeasuredValueCoolingCapacity/1/0;LineChart
https://th-koeln.de/gart/vocabulary/MeasuredValueCoolingCapacity/1/0;LineChart
https://th-koeln.de/gart/vocabulary/MeasuredValueDamper/1/0;LineChart
https://th-koeln.de/gart/vocabulary/MeasuredValueLambda/1/0;LineChart
https://th-koeln.de/gart/vocabulary/MeasuredValuePower/1/0;LineChart
https://th-koeln.de/gart/vocabulary/MeasuredValuePowerConsumption/1/0;LineChart
https://th-koeln.de/gart/vocabulary/MeasuredValueAirQuality/1/0;LineChart
https://th-koeln.de/gart/vocabulary/MeasuredValuePrimaryAir/1/0;LineChart
https://th-koeln.de/gart/vocabulary/MeasuredValueRoomTemperature/1/0;LineChart
https://th-koeln.de/gart/vocabulary/MeasuredValueReturnTemperature/1/0;LineChart
https://th-koeln.de/gart/vocabulary/MeasuredValueReturnTemperaturePrimary/1/0;LineChart
https://th-koeln.de/gart/vocabulary/MeasuredValueReturnTemperatureSecondary/1/0;LineChart
https://th-koeln.de/gart/vocabulary/MeasuredValueOxygen/1/0;LineChart
https://th-koeln.de/gart/vocabulary/MeasuredValueSecondaryAir/1/0;LineChart
https://th-koeln.de/gart/vocabulary/MeasuredValueVoltage/1/0;LineChart
https://th-koeln.de/gart/vocabulary/MeasuredValueStorageTankTemperature/1/0;LineChart
https://th-koeln.de/gart/vocabulary/MeasuredValueStorageTankTemperatureMiddle/1/0;LineChart
https://th-koeln.de/gart/vocabulary/MeasuredValueStorageTankTemperatureTop/1/0;LineChart
https://th-koeln.de/gart/vocabulary/MeasuredValueStorageTankTemperatureBottom/1/0;LineChart
https://th-koeln.de/gart/vocabulary/MeasuredValueCurrent/1/0;LineChart
https://th-koeln.de/gart/vocabulary/MeasuredValueCurrent/1/0;LineChart
https://th-koeln.de/gart/vocabulary/MeasuredValueTemperature/1/0;LineChart
https://th-koeln.de/gart/vocabulary/MeasuredValueTemperatureOutletExhaustAir/1/0;LineChart
https://th-koeln.de/gart/vocabulary/MeasuredValueTemperatureOutletSupplyAir/1/0;LineChart
https://th-koeln.de/gart/vocabulary/MeasuredValueTemperatureInsertionTube/1/0;LineChart
https://th-koeln.de/gart/vocabulary/MeasuredValueTemperatureInletExhaustAir/1/0;LineChart
https://th-koeln.de/gart/vocabulary/MeasuredValueTemperatureInletSupplyAir/1/0;LineChart
https://th-koeln.de/gart/vocabulary/MeasuredValueTemperatureGenerator/1/0;LineChart
https://th-koeln.de/gart/vocabulary/MeasuredValueTemperatureColdWaterInlet/1/0;LineChart
https://th-koeln.de/gart/vocabulary/MeasuredValueTemperatureCoolingWaterOutlet/1/0;LineChart
https://th-koeln.de/gart/vocabulary/MeasuredValueTemperatureCoolingWaterInlet/1/0;LineChart
https://th-koeln.de/gart/vocabulary/MeasuredValueTemperatureDifference/1/0;LineChart
https://th-koeln.de/gart/vocabulary/MeasuredValueEvaporatorOutlet/1/0;LineChart
https://th-koeln.de/gart/vocabulary/MeasuredValueEvaporatorInlet/1/0;LineChart
https://th-koeln.de/gart/vocabulary/MeasuredValueCondenserOutlet/1/0;LineChart
https://th-koeln.de/gart/vocabulary/MeasuredValueCondenserInlet/1/0;LineChart
https://th-koeln.de/gart/vocabulary/MeasuredValueCondenserTemperatureLevel/1/0;LineChart
https://th-koeln.de/gart/vocabulary/MeasuredValueVolume/1/0;LineChart
https://th-koeln.de/gart/vocabulary/MeasuredValueVolumeFlow/1/0;LineChart
https://th-koeln.de/gart/vocabulary/MeasuredValueFlowTemperature/1/0;LineChart
https://th-koeln.de/gart/vocabulary/MeasuredValueFlowTemperatureCalculated/1/0;LineChart
https://th-koeln.de/gart/vocabulary/MeasuredValueFlowTemperaturePrimary/1/0;LineChart
https://th-koeln.de/gart/vocabulary/MeasuredValueFlowTemperatureSecondary/1/0;LineChart
https://th-koeln.de/gart/vocabulary/MeasuredValueHeatOutput/1/0;LineChart
https://th-koeln.de/gart/vocabulary/MeasuredValueHeatQuantity/1/0;LineChart
https://th-koeln.de/gart/vocabulary/MeasuredValueHeatQuantityEnergy/1/0;LineChart
https://th-koeln.de/gart/vocabulary/MeasuredValueHeatQuantityVolume/1/0;LineChart
https://th-koeln.de/gart/vocabulary/MeasuredValueWaterLevelProductionWell/1/0;LineChart
https://th-koeln.de/gart/vocabulary/MeasuredValueWaterTemperature/1/0;LineChart
https://th-koeln.de/gart/vocabulary/MeasuredValueWindSpeed/1/0;LineChart
https://th-koeln.de/gart/vocabulary/MeasuredValueTapTemperature/1/0;LineChart
https://th-koeln.de/gart/vocabulary/MeasuredValueCirculationTemperature/1/0;LineChart
https://th-koeln.de/gart/vocabulary/MeasuredValueSpeed/1/0;LineChart
https://th-koeln.de/gart/vocabulary/MeasuredValueFlowRate/1/0;LineChart
https://th-koeln.de/gart/vocabulary/MinimumSwitchOffTime/1/0;None
https://th-koeln.de/gart/vocabulary/MinimumSwitchOnTime/1/0;None
https://th-koeln.de/gart/vocabulary/OverrunTimeDamperHeatExchanger/1/0;None
https://th-koeln.de/gart/vocabulary/NightSetbackDays/1/0;None
https://th-koeln.de/gart/vocabulary/OffsetFlowTemperature/1/0;None
https://th-koeln.de/gart/vocabulary/Optimization/1/0;None
https://th-koeln.de/gart/vocabulary/PProportion/1/0;None
https://th-koeln.de/gart/vocabulary/PresenceDetector/1/0;None
https://th-koeln.de/gart/vocabulary/ProportionalBand/1/0;None
https://th-koeln.de/gart/vocabulary/Pump/1/0;None
https://th-koeln.de/gart/vocabulary/Acknowledgement/1/0;None
https://th-koeln.de/gart/vocabulary/Room/1/0;None
https://th-koeln.de/gart/vocabulary/ControlledVariable/1/0;None
https://th-koeln.de/gart/vocabulary/ControlParameter/1/0;None
https://th-koeln.de/gart/vocabulary/ControllerOutput/1/0;None
https://th-koeln.de/gart/vocabulary/ControllerInput/1/0;None
https://th-koeln.de/gart/vocabulary/ControllerParameters/1/0;None
https://th-koeln.de/gart/vocabulary/Reset/1/0;None
https://th-koeln.de/gart/vocabulary/ResetOperatingHours/1/0;None
https://th-koeln.de/gart/vocabulary/ResetMaintenanceInterval/1/0;None
https://th-koeln.de/gart/vocabulary/ResidualRunningTimeUsableTimeExtension/1/0;None
https://th-koeln.de/gart/vocabulary/ReturnControlSignal/1/0;None
https://th-koeln.de/gart/vocabulary/ReturnFlowLimitation/1/0;None
https://th-koeln.de/gart/vocabulary/ReturnTemperatureCalculated/1/0;None
https://th-koeln.de/gart/vocabulary/FeedbackSignalSetbackOperation/1/0;None
https://th-koeln.de/gart/vocabulary/FeedbackCurrentSetpoint/1/0;None
https://th-koeln.de/gart/vocabulary/FeedbackSignalStartUpMode/1/0;None
https://th-koeln.de/gart/vocabulary/RemoteSystemFeedback/1/0;None
https://th-koeln.de/gart/vocabulary/FeedbackHeatingMode/1/0;None
https://th-koeln.de/gart/vocabulary/FeedbackAuto/1/0;None
https://th-koeln.de/gart/vocabulary/FeedbackOperation/1/0;None
https://th-koeln.de/gart/vocabulary/OperatingModeFeedbackSignal/1/0;None
https://th-koeln.de/gart/vocabulary/AcknowledgementReadyForOperation/1/0;None
https://th-koeln.de/gart/vocabulary/FeedbackOperatingHours/1/0;None
https://th-koeln.de/gart/vocabulary/FeedbackBlockingProtectionWellPump/1/0;None
https://th-koeln.de/gart/vocabulary/FeedbackBlockageProtectionCirculatingPump/1/0;None
https://th-koeln.de/gart/vocabulary/FeedbackSpeed/1/0;None
https://th-koeln.de/gart/vocabulary/FeedbackDehumidification/1/0;None
https://th-koeln.de/gart/vocabulary/FeedbackGenerator/1/0;None
https://th-koeln.de/gart/vocabulary/FeedbackWindowContact/1/0;None
https://th-koeln.de/gart/vocabulary/FeedbackFreeNightCooling/1/0;None
https://th-koeln.de/gart/vocabulary/FeedbackFrostProtection/1/0;None
https://th-koeln.de/gart/vocabulary/FeedbackFrostProtectionManualSwitch/1/0;None
https://th-koeln.de/gart/vocabulary/FeedbackManualOperation/1/0;None
https://th-koeln.de/gart/vocabulary/FeedbackManualSwitchAuto/1/0;None
https://th-koeln.de/gart/vocabulary/FeedbackManualSwitchPump/1/0;None
https://th-koeln.de/gart/vocabulary/FeedbackHeatingBlanket/1/0;None
https://th-koeln.de/gart/vocabulary/FeedbackHeatingPeriod/1/0;None
https://th-koeln.de/gart/vocabulary/FeedbackCoolingCapacity/1/0;None
https://th-koeln.de/gart/vocabulary/FeedbackFlap/1/0;None
https://th-koeln.de/gart/vocabulary/FeedbackFlapOpen/1/0;None
https://th-koeln.de/gart/vocabulary/FeedbackDamperClosed/1/0;None
https://th-koeln.de/gart/vocabulary/CommunicationFeedback/1/0;None
https://th-koeln.de/gart/vocabulary/FeedbackRunMonitoring/1/0;None
https://th-koeln.de/gart/vocabulary/FeedbackLegionellaCircuit/1/0;None
https://th-koeln.de/gart/vocabulary/FeedbackLegionellaSwitchingManualSwitching/1/0;None
https://th-koeln.de/gart/vocabulary/FeedbackLegionellaSwitchingManualSwitchingAuto/1/0;None
https://th-koeln.de/gart/vocabulary/FeedbackManagementControlDevice/1/0;None
https://th-koeln.de/gart/vocabulary/FeedbackModulationLevel/1/0;None
https://th-koeln.de/gart/vocabulary/FeedbackNightSetback/1/0;None
https://th-koeln.de/gart/vocabulary/FeedbackMainsParallel/1/0;None
https://th-koeln.de/gart/vocabulary/FeedbackNormalOperation/1/0;None
https://th-koeln.de/gart/vocabulary/FeedbackEmergencyOff/1/0;None
https://th-koeln.de/gart/vocabulary/FeedbackUsefulTimeExtension/1/0;None
https://th-koeln.de/gart/vocabulary/FeedbackOilReplenishmentActive/1/0;None
https://th-koeln.de/gart/vocabulary/FeedbackPresenceDetector/1/0;None
https://th-koeln.de/gart/vocabulary/PumpFeedbackSignal/1/0;None
https://th-koeln.de/gart/vocabulary/FeedbackSignalControlDeviation/1/0;None
https://th-koeln.de/gart/vocabulary/FeedbackRepairSwitch/1/0;None
https://th-koeln.de/gart/vocabulary/FeedbackResetOperatingHours/1/0;None
https://th-koeln.de/gart/vocabulary/FeedbackResidualRunningTimeUsableTimeExtension/1/0;None
https://th-koeln.de/gart/vocabulary/FeedbackResidualHeatOptimization/1/0;None
https://th-koeln.de/gart/vocabulary/FeedbackSummerWinter/1/0;None
https://th-koeln.de/gart/vocabulary/FlushFeedback/1/0;None
https://th-koeln.de/gart/vocabulary/FeedbackStart/1/0;None
https://th-koeln.de/gart/vocabulary/FeedbackStartStop/1/0;None
https://th-koeln.de/gart/vocabulary/FeedbackControlSignal/1/0;None
https://th-koeln.de/gart/vocabulary/FeedbackDayMode/1/0;None
https://th-koeln.de/gart/vocabulary/FeedbackSignalPartitionWallContact/1/0;None
https://th-koeln.de/gart/vocabulary/FeedbackSignalChangeoverValveClosed/1/0;None
https://th-koeln.de/gart/vocabulary/SwitchingValveOpenFeedback/1/0;None
https://th-koeln.de/gart/vocabulary/ValveFeedbackSignal/1/0;None
https://th-koeln.de/gart/vocabulary/FeedbackValveZone/1/0;None
https://th-koeln.de/gart/vocabulary/FeedbackDisplacement/1/0;None
https://th-koeln.de/gart/vocabulary/FeedbackHeatRequest/1/0;None
https://th-koeln.de/gart/vocabulary/FeedbackTimeProgram/1/0;None
https://th-koeln.de/gart/vocabulary/SwitchingCommand/1/0;None
https://th-koeln.de/gart/vocabulary/SwitchingCommandPlant/1/0;None
https://th-koeln.de/gart/vocabulary/SwitchingCommandPlantRemote/1/0;None
https://th-koeln.de/gart/vocabulary/SwitchingCommandLimitation/1/0;None
https://th-koeln.de/gart/vocabulary/SwitchingCommandOperatingMode/1/0;None
https://th-koeln.de/gart/vocabulary/SwitchingCommandBlockingProtection/1/0;None
https://th-koeln.de/gart/vocabulary/SwitchingCommandDamping/1/0;None
https://th-koeln.de/gart/vocabulary/SwitchingCommandFrostProtection/1/0;None
https://th-koeln.de/gart/vocabulary/SwitchingCommandSlidingSwitching/1/0;None
https://th-koeln.de/gart/vocabulary/SwitchingCommandHeatingBlanket/1/0;None
https://th-koeln.de/gart/vocabulary/SwitchingCommandHeatingPeriodAccordingToDate/1/0;None
https://th-koeln.de/gart/vocabulary/SwitchingCommandHeatingPeriodAccordingToTemperature/1/0;None
https://th-koeln.de/gart/vocabulary/SwitchingCommandDamper/1/0;None
https://th-koeln.de/gart/vocabulary/SwitchingCommandLegionellaSwitching/1/0;None
https://th-koeln.de/gart/vocabulary/SwitchingCommandNightSetback/1/0;None
https://th-koeln.de/gart/vocabulary/SwitchingCommandNightCooling/1/0;None
https://th-koeln.de/gart/vocabulary/SwitchingCommandUsefulTimeExtension/1/0;None
https://th-koeln.de/gart/vocabulary/SwitchingCommandOptimization/1/0;None
https://th-koeln.de/gart/vocabulary/SwitchingCommandPump/1/0;None
https://th-koeln.de/gart/vocabulary/SwitchingCommandAcknowledgement/1/0;None
https://th-koeln.de/gart/vocabulary/SwitchingCommandRoomCorrection/1/0;None
https://th-koeln.de/gart/vocabulary/SwitchingCommandSummerMonthOn/1/0;None
https://th-koeln.de/gart/vocabulary/SwitchingCommandSummerWinter/1/0;None
https://th-koeln.de/gart/vocabulary/SwitchingCommandStartStopOptimization/1/0;None
https://th-koeln.de/gart/vocabulary/SwitchingCommandDayProgram/1/0;None
https://th-koeln.de/gart/vocabulary/SwitchingCommandValve/1/0;None
https://th-koeln.de/gart/vocabulary/SwitchingCommandValveZone/1/0;None
https://th-koeln.de/gart/vocabulary/SwitchingCommandHeatDemand/1/0;None
https://th-koeln.de/gart/vocabulary/SwitchingCommandChangeDoublePump/1/0;None
https://th-koeln.de/gart/vocabulary/SwitchingCommandWinterMonthOn/1/0;None
https://th-koeln.de/gart/vocabulary/SwitchingCommandTimeProgram/1/0;None
https://th-koeln.de/gart/vocabulary/SwitchingDifference/1/0;None
https://th-koeln.de/gart/vocabulary/SwitchingHysteresis/1/0;None
https://th-koeln.de/gart/vocabulary/SerialNumber/1/0;None
https://th-koeln.de/gart/vocabulary/Safety/1/0;None
https://th-koeln.de/gart/vocabulary/Setpoint/1/0;None
https://th-koeln.de/gart/vocabulary/SetpointSwitchOffBackUpMode/1/0;None
https://th-koeln.de/gart/vocabulary/SetpointSwitchOff/1/0;None
https://th-koeln.de/gart/vocabulary/SetpointSetbackOperation/1/0;None
https://th-koeln.de/gart/vocabulary/SetpointHeatingTime/1/0;None
https://th-koeln.de/gart/vocabulary/SetpointCoolDownProtection/1/0;None
https://th-koeln.de/gart/vocabulary/SetpointSwitchOffDelay/1/0;None
https://th-koeln.de/gart/vocabulary/SetpointOutdoorTemperature/1/0;None
https://th-koeln.de/gart/vocabulary/SetpointOutdoorTemperatureSwitchOffHeating/1/0;None
https://th-koeln.de/gart/vocabulary/SetpointOutdoorTemperatureSwitchOffNight/1/0;None
https://th-koeln.de/gart/vocabulary/SetpointOutdoorTemperatureShutdownDay/1/0;None
https://th-koeln.de/gart/vocabulary/SetpointOutdoorTemperatureOnOff/1/0;None
https://th-koeln.de/gart/vocabulary/SetpointOutdoorTemperatureSwitchOnHeating/1/0;None
https://th-koeln.de/gart/vocabulary/SetpointOutdoorTemperatureStartStopactive/1/0;None
https://th-koeln.de/gart/vocabulary/HumidifySetpoint/1/0;None
https://th-koeln.de/gart/vocabulary/SetpointCo2Concentration/1/0;None
https://th-koeln.de/gart/vocabulary/SetpointCo2ConcentrationMax/1/0;None
https://th-koeln.de/gart/vocabulary/SetpointCo2Max/1/0;None
https://th-koeln.de/gart/vocabulary/SetpointCo2Min/1/0;None
https://th-koeln.de/gart/vocabulary/SetpointCo3/1/0;None
https://th-koeln.de/gart/vocabulary/SetpointContinuousRelease/1/0;None
https://th-koeln.de/gart/vocabulary/SetpointDeltaTFlowReturn/1/0;None
https://th-koeln.de/gart/vocabulary/SetpointSpeed/1/0;None
https://th-koeln.de/gart/vocabulary/SetpointPressure/1/0;None
https://th-koeln.de/gart/vocabulary/SetpointEconomy/1/0;None
https://th-koeln.de/gart/vocabulary/SetpointSwitchOnSummer/1/0;None
https://th-koeln.de/gart/vocabulary/SetpointEnthalpy/1/0;None
https://th-koeln.de/gart/vocabulary/SetpointVacations/1/0;None
https://th-koeln.de/gart/vocabulary/SetpointHumidity/1/0;None
https://th-koeln.de/gart/vocabulary/SetpointHumidityMax/1/0;None
https://th-koeln.de/gart/vocabulary/SetpointHumidityMin/1/0;None
https://th-koeln.de/gart/vocabulary/SetpointFreeNightCooling/1/0;None
https://th-koeln.de/gart/vocabulary/SetPointFrostProtection/1/0;None
https://th-koeln.de/gart/vocabulary/SetPointFootPoint/1/0;None
https://th-koeln.de/gart/vocabulary/SetpointGlt/1/0;None
https://th-koeln.de/gart/vocabulary/SetpointLimitTemperatureStartStop/1/0;None
https://th-koeln.de/gart/vocabulary/SetpointLimitValueSetpointActualDeviationTemperature/1/0;None
https://th-koeln.de/gart/vocabulary/SetpointManualControl/1/0;None
https://th-koeln.de/gart/vocabulary/SetpointHysteresisHeatingMode/1/0;None
https://th-koeln.de/gart/vocabulary/SetpointHysteresisNightSetback/1/0;None
https://th-koeln.de/gart/vocabulary/SetpointIntervalBlockingProtection/1/0;None
https://th-koeln.de/gart/vocabulary/SetpointNumberOfBoilers/1/0;None
https://th-koeln.de/gart/vocabulary/SetPointComfort/1/0;None
https://th-koeln.de/gart/vocabulary/SetPointCurvature/1/0;None
https://th-koeln.de/gart/vocabulary/SetPointCoolingDemand/1/0;None
https://th-koeln.de/gart/vocabulary/SetpointRuntime/1/0;None
https://th-koeln.de/gart/vocabulary/SetpointRuntimeBlockingProtection/1/0;None
https://th-koeln.de/gart/vocabulary/SetPointPower/1/0;None
https://th-koeln.de/gart/vocabulary/SetpointMaximumHeatingTime/1/0;None
https://th-koeln.de/gart/vocabulary/SetpointMaximumSwitchOnDelay/1/0;None
https://th-koeln.de/gart/vocabulary/SetPointMaximumRoomTemperature/1/0;None
https://th-koeln.de/gart/vocabulary/SetpointMaximumReturnTemperature/1/0;None
https://th-koeln.de/gart/vocabulary/SetpointMaximumFlowTemperature/1/0;None
https://th-koeln.de/gart/vocabulary/SetPointMaximumRunTimeLegionella/1/0;None
https://th-koeln.de/gart/vocabulary/SetpointMinimumOutdoorTemperature/1/0;None
https://th-koeln.de/gart/vocabulary/SetpointMinimumSwitchOnDelay/1/0;None
https://th-koeln.de/gart/vocabulary/SetpointMinimumRoomTemperature/1/0;None
https://th-koeln.de/gart/vocabulary/SetpointMinimumReturnTemperature/1/0;None
https://th-koeln.de/gart/vocabulary/SetpointMinimumFlowTemperature/1/0;None
https://th-koeln.de/gart/vocabulary/SetpointMixingValve/1/0;None
https://th-koeln.de/gart/vocabulary/SetpointModulation/1/0;None
https://th-koeln.de/gart/vocabulary/SetpointOverrunTime/1/0;None
https://th-koeln.de/gart/vocabulary/SetpointPumpRunOnTime/1/0;None
https://th-koeln.de/gart/vocabulary/SetpointResetTime/1/0;None
https://th-koeln.de/gart/vocabulary/SetpointNight/1/0;None
https://th-koeln.de/gart/vocabulary/SetpointNightSetback/1/0;None
https://th-koeln.de/gart/vocabulary/SetpointNightSetbackFlowTemperature/1/0;None
https://th-koeln.de/gart/vocabulary/SetpointUsefulTimeExtension/1/0;None
https://th-koeln.de/gart/vocabulary/SetpointPumpOnOutdoorTemperature/1/0;None
https://th-koeln.de/gart/vocabulary/SetpointRoomCorrection/1/0;None
https://th-koeln.de/gart/vocabulary/SetpointRoomTemperature/1/0;None
https://th-koeln.de/gart/vocabulary/SetpointRoomTemperatureNight/1/0;None
https://th-koeln.de/gart/vocabulary/SetpointRoomTemperatureNormalOperation/1/0;None
https://th-koeln.de/gart/vocabulary/SetpointRoomTemperatureProtectedMode/1/0;None
https://th-koeln.de/gart/vocabulary/SetpointRoomTemperatureDay/1/0;None
https://th-koeln.de/gart/vocabulary/SetpointController/1/0;None
https://th-koeln.de/gart/vocabulary/SetpointControllerMax/1/0;None
https://th-koeln.de/gart/vocabulary/SetpointControllerMin/1/0;None
https://th-koeln.de/gart/vocabulary/SetpointResetOperatingHours/1/0;None
https://th-koeln.de/gart/vocabulary/ReturnTemperatureSetpoint/1/0;None
https://th-koeln.de/gart/vocabulary/SetpointReturnTemperatureCalculated/1/0;None
https://th-koeln.de/gart/vocabulary/SetpointReturnTemperatureLimit/1/0;None
https://th-koeln.de/gart/vocabulary/SetPointProtectionMode/1/0;None
https://th-koeln.de/gart/vocabulary/SetPointSummerDay/1/0;None
https://th-koeln.de/gart/vocabulary/SetPointStorageCapacity/1/0;None
https://th-koeln.de/gart/vocabulary/SetPointStorageTankTemperature/1/0;None
https://th-koeln.de/gart/vocabulary/SetpointStorageTankTemperatureTop/1/0;None
https://th-koeln.de/gart/vocabulary/SetpointStorageTankTemperatureLower/1/0;None
https://th-koeln.de/gart/vocabulary/SetpointFlushTime/1/0;None
https://th-koeln.de/gart/vocabulary/SetpointStandbyNight/1/0;None
https://th-koeln.de/gart/vocabulary/SetpointStandbyDay/1/0;None
https://th-koeln.de/gart/vocabulary/SetpointDriveSignal/1/0;None
https://th-koeln.de/gart/vocabulary/SetpointDriveSignalMax/1/0;None
https://th-koeln.de/gart/vocabulary/SetpointDriveSignalMin/1/0;None
https://th-koeln.de/gart/vocabulary/SetpointStandbyNight/1/0;None
https://th-koeln.de/gart/vocabulary/SetpointStandbyNightHysteresis/1/0;None
https://th-koeln.de/gart/vocabulary/SetpointBackUpModeDayHysteresis/1/0;None
https://th-koeln.de/gart/vocabulary/SetpointBackUpModeDay/1/0;None
https://th-koeln.de/gart/vocabulary/SetpointDay/1/0;None
https://th-koeln.de/gart/vocabulary/SetpointTemperature/1/0;None
https://th-koeln.de/gart/vocabulary/SetpointTemperatureLegionella/1/0;None
https://th-koeln.de/gart/vocabulary/SetpointTemperatureMax/1/0;None
https://th-koeln.de/gart/vocabulary/SetpointTemperatureMin/1/0;None
https://th-koeln.de/gart/vocabulary/SetpointTemperatureStartHeating/1/0;None
https://th-koeln.de/gart/vocabulary/SetpointBoostHydraulicSeparator/1/0;None
https://th-koeln.de/gart/vocabulary/SetpointHeatDemandBoost/1/0;None
https://th-koeln.de/gart/vocabulary/SetpointValve/1/0;None
https://th-koeln.de/gart/vocabulary/FlowRateSetpoint/1/0;None
https://th-koeln.de/gart/vocabulary/FlowRateSetpointMax/1/0;None
https://th-koeln.de/gart/vocabulary/FlowRateSetpointMin/1/0;None
https://th-koeln.de/gart/vocabulary/SetPointFlowTemperature/1/0;None
https://th-koeln.de/gart/vocabulary/FlowTemperatureSetPointCalculated/1/0;None
https://th-koeln.de/gart/vocabulary/FlowTemperatureLimitSetpoint/1/0;None
https://th-koeln.de/gart/vocabulary/SetPointHeatDemand/1/0;None
https://th-koeln.de/gart/vocabulary/SetpointHeatDemand/1/0;None
https://th-koeln.de/gart/vocabulary/SetpointHotWaterHeating/1/0;None
https://th-koeln.de/gart/vocabulary/SetpointX1/1/0;None
https://th-koeln.de/gart/vocabulary/SetpointX2/1/0;None
https://th-koeln.de/gart/vocabulary/SetpointX3/1/0;None
https://th-koeln.de/gart/vocabulary/SetpointX4/1/0;None
https://th-koeln.de/gart/vocabulary/SetpointY1/1/0;None
https://th-koeln.de/gart/vocabulary/SetpointY2/1/0;None
https://th-koeln.de/gart/vocabulary/SetpointY3/1/0;None
https://th-koeln.de/gart/vocabulary/SetpointY4/1/0;None
https://th-koeln.de/gart/vocabulary/SetpointTimeCalculation/1/0;None
https://th-koeln.de/gart/vocabulary/SetpointTimeConstant/1/0;None
https://th-koeln.de/gart/vocabulary/SetPointTimeDelay/1/0;None
https://th-koeln.de/gart/vocabulary/SetPointCirculationTemperature/1/0;None
https://th-koeln.de/gart/vocabulary/SetPointCirculationTemperatureLegionella/1/0;None
https://th-koeln.de/gart/vocabulary/SetpointDeviation/1/0;None
https://th-koeln.de/gart/vocabulary/SetpointCorrectionFlowTemperature/1/0;None
https://th-koeln.de/gart/vocabulary/SetpointAdjuster/1/0;None
https://th-koeln.de/gart/vocabulary/SetpointShift/1/0;None
https://th-koeln.de/gart/vocabulary/PurgingTime/1/0;None
https://th-koeln.de/gart/vocabulary/Slope/1/0;None
https://th-koeln.de/gart/vocabulary/ControlCommand/1/0;None
https://th-koeln.de/gart/vocabulary/ControlCommandPlant/1/0;None
https://th-koeln.de/gart/vocabulary/ControlCommandDamper/1/0;None
https://th-koeln.de/gart/vocabulary/ControlCommandMax/1/0;None
https://th-koeln.de/gart/vocabulary/ControlCommandMin/1/0;None
https://th-koeln.de/gart/vocabulary/ControlCommandMixing/1/0;None
https://th-koeln.de/gart/vocabulary/ControlCommandPump/1/0;None
https://th-koeln.de/gart/vocabulary/ControlCommandValve/1/0;None
https://th-koeln.de/gart/vocabulary/ControlCommandPreControlOfCeilingRadiantPanels/1/0;None
https://th-koeln.de/gart/vocabulary/HoursOutdoorTemperatureSetPoint/1/0;None
https://th-koeln.de/gart/vocabulary/BackUpModeNightReached/1/0;None
https://th-koeln.de/gart/vocabulary/BackUpModeDayReached/1/0;None
https://th-koeln.de/gart/vocabulary/BackUpModeX1/1/0;None
https://th-koeln.de/gart/vocabulary/BackUpModeX2/1/0;None
https://th-koeln.de/gart/vocabulary/BackUpModeX3/1/0;None
https://th-koeln.de/gart/vocabulary/BackUpModeX4/1/0;None
https://th-koeln.de/gart/vocabulary/BackUpModeY1/1/0;None
https://th-koeln.de/gart/vocabulary/BackUpModeY2/1/0;None
https://th-koeln.de/gart/vocabulary/BackUpModeY3/1/0;None
https://th-koeln.de/gart/vocabulary/BackUpModeY4/1/0;None
https://th-koeln.de/gart/vocabulary/SupportPointX1/1/0;None
https://th-koeln.de/gart/vocabulary/SupportPointX2/1/0;None
https://th-koeln.de/gart/vocabulary/SupportPointX3/1/0;None
https://th-koeln.de/gart/vocabulary/SupportPointX4/1/0;None
https://th-koeln.de/gart/vocabulary/SupportPointY1/1/0;None
https://th-koeln.de/gart/vocabulary/SupportPointY2/1/0;None
https://th-koeln.de/gart/vocabulary/SupportPointY3/1/0;None
https://th-koeln.de/gart/vocabulary/SupportPointY4/1/0;None
https://th-koeln.de/gart/vocabulary/SupportValue/1/0;None
https://th-koeln.de/gart/vocabulary/DeadTime/1/0;None
https://th-koeln.de/gart/vocabulary/DeadBand/1/0;None
https://th-koeln.de/gart/vocabulary/Overdriven/1/0;None
https://th-koeln.de/gart/vocabulary/Override/1/0;None
https://th-koeln.de/gart/vocabulary/RecirculatingAirCoolingUnit/1/0;None
https://th-koeln.de/gart/vocabulary/Displacement/1/0;None
https://th-koeln.de/gart/vocabulary/Volume/1/0;None
https://th-koeln.de/gart/vocabulary/Precedence/1/0;None
https://th-koeln.de/gart/vocabulary/PriorityCircuit/1/0;None
https://th-koeln.de/gart/vocabulary/PreControlCeilingRadiantPanelMeasuredValueTemperature/1/0;None
https://th-koeln.de/gart/vocabulary/PreControlCeilingRadiantPanelSetpoint/1/0;None
https://th-koeln.de/gart/vocabulary/PreControlCeilingRadiantPanelStatus/1/0;None
https://th-koeln.de/gart/vocabulary/PreControlOfCeilingRadiantPanelsControlCommand/1/0;None
https://th-koeln.de/gart/vocabulary/PreControlCeilingRadiantPanelTemperatureMax/1/0;None
https://th-koeln.de/gart/vocabulary/PreControlCeilingRadiantPanelTemperatureMin/1/0;None
https://th-koeln.de/gart/vocabulary/PreControlCeilingRadiantPanelTemperatureDifference/1/0;None
https://th-koeln.de/gart/vocabulary/PreControlCeilingRadiantPanelsTime/1/0;None
https://th-koeln.de/gart/vocabulary/WarningMessage/1/0;None
https://th-koeln.de/gart/vocabulary/WarningMessageLegionella/1/0;None
https://th-koeln.de/gart/vocabulary/WarningTemperatureLow/1/0;None
https://th-koeln.de/gart/vocabulary/WarningCo2High/1/0;None
https://th-koeln.de/gart/vocabulary/WarningMessageHumidity/1/0;None
https://th-koeln.de/gart/vocabulary/WarningTemperatureHigh/1/0;None
https://th-koeln.de/gart/vocabulary/MaintenanceInterval/1/0;None
https://th-koeln.de/gart/vocabulary/MaintenanceMessage/1/0;None
https://th-koeln.de/gart/vocabulary/FactorySettings/1/0;None
https://th-koeln.de/gart/vocabulary/Effectiveness/1/0;None
https://th-koeln.de/gart/vocabulary/WeeklyProgram/1/0;None
https://th-koeln.de/gart/vocabulary/Counter/1/0;None
https://th-koeln.de/gart/vocabulary/GasCounter/1/0;None
https://th-koeln.de/gart/vocabulary/ElectricityMeter/1/0;None
https://th-koeln.de/gart/vocabulary/CounterHeatQuantity/1/0;None
https://th-koeln.de/gart/vocabulary/CounterColdQuantity/1/0;None
https://th-koeln.de/gart/vocabulary/TimeSpecification/1/0;None
https://th-koeln.de/gart/vocabulary/TimeDelay/1/0;None
https://th-koeln.de/gart/vocabulary/Reset/1/0;None
https://th-koeln.de/gart/vocabulary/SwitchingCommandManual/1/0;None